{
  "lang":"en",
  "name":"pipeline",
  "version":"0.0.0",
  "spacy_version":">=3.7.4,<3.8.0",
  "description":"",
  "author":"",
  "email":"",
  "url":"",
  "license":"",
  "spacy_git_version":"bff8725f4",
  "vectors":{
    "width":0,
    "vectors":0,
    "keys":0,
    "name":null,
    "mode":"default"
  },
  "labels":{
    "transformer":[

    ],
    "ner":[
      "DEGREE",
      "EDUCATION",
      "EMAIL",
      "JOB TITLE",
      "NAME",
      "ORGANIZATION",
      "SKILLS"
    ]
  },
  "pipeline":[
    "transformer",
    "ner"
  ],
  "components":[
    "transformer",
    "ner"
  ],
  "disabled":[

  ],
  "performance":{
    "ents_f":0.9630078836,
    "ents_p":0.9577804584,
    "ents_r":0.9682926829,
    "ents_per_type":{
      "NAME":{
        "p":0.9787234043,
        "r":1.0,
        "f":0.9892473118
      },
      "ORGANIZATION":{
        "p":0.9248554913,
        "r":0.9580838323,
        "f":0.9411764706
      },
      "SKILLS":{
        "p":0.9683301344,
        "r":0.9729990357,
        "f":0.9706589707
      },
      "EMAIL":{
        "p":0.7708333333,
        "r":0.8409090909,
        "f":0.8043478261
      },
      "DEGREE":{
        "p":0.9516129032,
        "r":0.9516129032,
        "f":0.9516129032
      },
      "EDUCATION":{
        "p":0.9813084112,
        "r":0.9545454545,
        "f":0.9677419355
      },
      "JOB TITLE":{
        "p":0.9608938547,
        "r":0.9885057471,
        "f":0.9745042493
      }
    },
    "transformer_loss":1951.4963058747,
    "ner_loss":3600.2703679034
  }
}